Name;Description;Price;Link
Name;Description;Price;Link
Name;Description;Price;Link
Sony Xperia Z2 Tablet 16Gb 4G;"Sony Xperia Z2 Tablet 16Gb 4GЭкран 10.1"", ОС Android 4.4, Кол-во SIM 1, Фотокамера 8.1мп, Фронт. камера 2,2 мп, Ядра 4, Опер. память 3гб, Встр. память 16гб, 3G, WiFi";49010 сом;www.kivano.kg//product/view/sony-xperia-z2-tablet-16gb-4g
Планшет Huawei Mediapad T3 9.6 16Gb 4G серый;"Планшет Huawei Mediapad T3 9.6 16Gb 4G серыйпланшет 9.6"", 1280x800, TFT IPS
	встроенная память 16 ГБ, слот microSDXC, до 128 ГБ
	Android 7.0, ОЗУ 2 ГБ, процессор Qualcomm Snapdragon 425 1400 МГц
	Wi-Fi, Bluetooth, 3G, 4G LTE, GPS
	размеры 160x230x8 мм, вес 460 г
	тыловая камера 5 Мпикс
	фронтальная камера...";19719 сом;www.kivano.kg//product/view/planshet-huawei-mediapad-t3-9-6-16gb-4g-seryy
Планшет Lenovo Tab M10 TB-X505X 32Gb LTE черный;"Планшет Lenovo Tab M10 TB-X505X 32Gb LTE черныйпланшет 10.1"", 1280x800, TFT IPS, встроенная память 32 ГБ, слот microSDXC, до 256 ГБ, Android 9, ОЗУ 2 ГБ, процессор Qualcomm 2000 МГц, Wi-Fi, Bluetooth, 3G, 4G LTE, GPS, размеры...";18906 сом;www.kivano.kg//product/view/planshet-lenovo-tab-m10-tb-x505x-32gb-lte-chernyy
Стилус Apple Pencil для iPad Pro (MK0C2ZM/A);"Стилус Apple Pencil для iPad Pro (MK0C2ZM/A)Тип: стилус
	Материал: пластик
	Цвет: белый
	Совместимость с брендом: Apple
	Совместимые модели: iPad Pro, iPad (2018)";12194 сом;www.kivano.kg//product/view/stilus-apple-pencil-dlya-ipad-pro-mk0c2zm-a
Планшет ASUS MeMO Pad FHD 10 ME302KL 16Gb LTE белый;"Планшет ASUS MeMO Pad FHD 10 ME302KL 16Gb LTE белыйпланшет 10.1"", 1920x1200, TFT IPS; встроенная память 16 Гб, слот microSDXC, до 64 Гб; Android 4.2, ОЗУ 2 Гб, процессор Qualcomm Snapdragon APQ8064 1500 МГц; Wi-Fi, Bluetooth, 3G, 4G LTE,...";40870 сом;www.kivano.kg//product/view/planshet-asus-memo-pad-fhd-10-me302kl-16gb-lte-belyy
Планшет Asus Nexus 7C 1A015A;"Планшет Asus Nexus 7C 1A015AЭкран 7"", 1920x1200, емкостный, мультитач, Android 4.3, встроенная память 32 Гб, Wi-Fi, Bluetooth, NFC, 3G, LTE, GPS, ГЛОНАСС, гироскоп, две фотокамеры, вес 299 г";37650 сом;www.kivano.kg//product/view/planshet-asus-nexus-7c-1a015a
Планшет Samsung Galaxy Tab A 10.1 Black;"Планшет Samsung Galaxy Tab A 10.1 BlackПланшет; время работы, ч: 12; диагональ, дюйм: 10.1; стилус в комплекте: нет; тип матрицы дисплея: IPS; объём встроенной памяти, ГБ: 32; объем оперативной памяти, ГБ: 2; поддержка 4G LTE: да;...";19312 сом;www.kivano.kg//product/view/planshet-samsung-galaxy-tab-a-10-1-black
"Клавиатура Apple Magic Keyboard для iPad Pro 12,9"" (2020)";"Клавиатура Apple Magic Keyboard для iPad Pro 12,9"" (2020)беспроводная с подсветкой, ножничная, предназначение: планшет, количество клавиш 65. Клавиатура Magic Keyboard станет идеальным дополнением к iPad Pro или iPad Air (4‑го поколения). В сложенном виде клавиатура превращается в чехол, который защищает...";35280 сом-5%33580 сом;www.kivano.kg//product/view/klaviatura-apple-magic-keyboard-dlya-ipad-pro-12-9-2020
Планшет Apple iPad Pro 11 M1 (2021) 256Gb Wi-Fi серый космос;"Планшет Apple iPad Pro 11 M1 (2021) 256Gb Wi-Fi серый космосдиагональ: 11"" (2388x1668) IPS, встроенная память: 256 ГБ, оперативная память: 8 ГБ, процессор: Apple M1, операционная система: iPadOS, камеры: основная 12 МП, 10 МП, фронтальная 7 МП, SIM-карты: отсутствует, динамики:...";86580 сом;www.kivano.kg//product/view/planshet-apple-ipad-pro-11-m1-2021-256gb-wi-fi-seryy-kosmos
"Клавиатура Apple Magic Keyboard для iPad Pro 11"" (2020)";"Клавиатура Apple Magic Keyboard для iPad Pro 11"" (2020)беспроводная с подсветкой, ножничная, предназначение: планшет, количество клавиш 65. Клавиатура Magic Keyboard станет идеальным дополнением к iPad Pro или iPad Air (4‑го поколения). В сложенном виде клавиатура превращается в чехол, который защищает...";26630 сом-6%24930 сом;www.kivano.kg//product/view/klaviatura-apple-magic-keyboard-dlya-ipad-pro-11-2020
Планшет Apple iPad Pro 11 M1 (2021) 256Gb Wi-Fi серебристый;"Планшет Apple iPad Pro 11 M1 (2021) 256Gb Wi-Fi серебристыйдиагональ: 11"" (2388x1668) IPS, встроенная память: 256 ГБ, оперативная память: 8 ГБ, процессор: Apple M1, операционная система: iPadOS, камеры: основная 12 МП, 10 МП, фронтальная 7 МП, SIM-карты: отсутствует, динамики:...";86580 сом;www.kivano.kg//product/view/planshet-apple-ipad-pro-11-m1-2021-256gb-wi-fi-serebristyy
Планшет Samsung Galaxy Tab A 10.1 SM-T515 32Gb золотой;"Планшет Samsung Galaxy Tab A 10.1 SM-T515 32Gb золотойПланшет; время работы, ч: 12; диагональ, дюйм: 10.1; стилус в комплекте: нет; тип матрицы дисплея: IPS; объём встроенной памяти, ГБ: 32; объем оперативной памяти, ГБ: 2; поддержка 4G LTE: да;...";17470 сом;www.kivano.kg//product/view/planshet-samsung-galaxy-tab-a-10-1-sm-t515-32gb-zolotoy
Планшет Apple iPad Pro 11 1Tb Wi-Fi серый космос;"Планшет Apple iPad Pro 11 1Tb Wi-Fi серый космоспланшет 11"", 2388x1668, TFT IPS, встроенная память 1024 ГБ, без слота для карт памяти, iOS, процессор Apple A12X Bionic, Wi-Fi, Bluetooth, вес 468 г, тыловая камера 12 Мпикс, фронтальная камера...";74450 сом-6%70140 сом;www.kivano.kg//product/view/planshet-apple-ipad-pro-11-1tb-wi-fi-seryy-kosmos
Планшет Apple iPad Pro 11 1Tb Wi-Fi серебристый;"Планшет Apple iPad Pro 11 1Tb Wi-Fi серебристыйпланшет 11"", 2388x1668, TFT IPS, встроенная память 1024 ГБ, без слота для карт памяти, iOS, процессор Apple A12X Bionic, Wi-Fi, Bluetooth, вес 468 г, тыловая камера 12 Мпикс, фронтальная камера...";74450 сом-6%70140 сом;www.kivano.kg//product/view/planshet-apple-ipad-pro-11-1tb-wi-fi-serebristyy
Планшет Apple iPad Pro 11 (2020) 256Gb Wi-Fi + Cellular серый космос;"Планшет Apple iPad Pro 11 (2020) 256Gb Wi-Fi + Cellular серый космоспланшет 11"", 2388x1668, TFT IPS, встроенная память 256 ГБ, без слота для карт памяти, iOS, ОЗУ 6 ГБ, процессор Apple A12Z Bionic, Wi-Fi, Bluetooth, 3G, 4G LTE, GPS, размеры 178.5x247.6x5.9...";103630 сом-3%100150 сом;www.kivano.kg//product/view/planshet-apple-ipad-pro-11-2020-256gb-wi-fi-cellular-seryy-kosmos
Планшет Apple iPad Pro 11 (2020) 128Gb Wi-Fi серебристый;"Планшет Apple iPad Pro 11 (2020) 128Gb Wi-Fi серебристыйпланшет 11"", 2388x1668, TFT IPS, встроенная память 128 ГБ, без слота для карт памяти, iOS, ОЗУ 6 ГБ, процессор Apple A12Z Bionic, Wi-Fi, Bluetooth, размеры 178.5x247.6x5.9 мм, вес 471 г,...";73610 сом-8%67590 сом;www.kivano.kg//product/view/planshet-apple-ipad-pro-11-2020-128gb-wi-fi-serebristyy
Планшет Apple iPad Pro 11 (2020) 256Gb Wi-Fi серебристый;"Планшет Apple iPad Pro 11 (2020) 256Gb Wi-Fi серебристыйпланшет 11"", 2388x1668, TFT IPS, встроенная память 256 ГБ, без слота для карт памяти, iOS, ОЗУ 6 ГБ, процессор Apple A12Z Bionic, Wi-Fi, Bluetooth, размеры 178.5x247.6x5.9 мм, вес 471 г,...";82260 сом-10%74210 сом;www.kivano.kg//product/view/planshet-apple-ipad-pro-11-2020-256gb-wi-fi-serebristyy
Планшет Apple iPad Pro 11 (2020) 256Gb Wi-Fi серый космос;"Планшет Apple iPad Pro 11 (2020) 256Gb Wi-Fi серый космоспланшет 11"", 2388x1668, TFT IPS, встроенная память 256 ГБ, без слота для карт памяти, iOS, ОЗУ 6 ГБ, процессор Apple A12Z Bionic, Wi-Fi, Bluetooth, размеры 178.5x247.6x5.9 мм, вес 471 г,...";82260 сом-10%74210 сом;www.kivano.kg//product/view/planshet-apple-ipad-pro-11-2020-256gb-wi-fi-seryy-kosmos
Планшет Apple iPad Pro 11 (2020) 512Gb Wi-Fi серебристый;"Планшет Apple iPad Pro 11 (2020) 512Gb Wi-Fi серебристыйпланшет 11"", 2388x1668, TFT IPS, встроенная память 512 ГБ, без слота для карт памяти, iOS, ОЗУ 6 ГБ, процессор Apple A12Z Bionic, Wi-Fi, Bluetooth, размеры 178.5x247.6x5.9 мм, вес 471 г,...";89800 сом-1%88880 сом;www.kivano.kg//product/view/planshet-apple-ipad-pro-11-2020-512gb-wi-fi-serebristyy
Планшет Samsung Galaxy Tab A 10.1 SM-T515 32Gb черный;"Планшет Samsung Galaxy Tab A 10.1 SM-T515 32Gb черныйпланшет 10.1"", 1920x1200, встроенная память 32 ГБ, слот microSDXC, до 512 ГБ, Android 9.0, ОЗУ 2 ГБ, Wi-Fi, Bluetooth, 3G, 4G LTE, GPS, размеры 149.4x245.2x7.5 мм, вес 470 г, тыловая...";17470 сом;www.kivano.kg//product/view/planshet-samsung-galaxy-tab-a-10-1-sm-t515-32gb-chernyy
Планшет Apple iPad Air (2020) 256Gb Wi-Fi + Cellular серебристый;"Планшет Apple iPad Air (2020) 256Gb Wi-Fi + Cellular серебристыйдиагональ 10.9"", 2360x1640, IPS, встроенная память 256 ГБ, без слота для карт памяти, iOS, процессор Apple A14 Bionic, основная камера 12 МП, фронтальная камера 7 МП, количество SIM-карт: 1, Wi-Fi,...";91070 сом;www.kivano.kg//product/view/planshet-apple-ipad-air-2020-256gb-wi-fi-cellular-serebristyy
Планшет Apple iPad (2020) 32Gb Wi-Fi + Cellular серый космос;"Планшет Apple iPad (2020) 32Gb Wi-Fi + Cellular серый космосдиагональ 10.2"", 2160x1620, IPS, встроенная память 32 ГБ, без слота для карт памяти, iOS, процессор Apple A12 Bionic, основная камера 8 МП, фронтальная камера 1.2 МП, количество SIM-карт: 1, Wi-Fi,...";45110 сом-12%39600 сом;www.kivano.kg//product/view/planshet-apple-ipad-2020-32gb-wi-fi-cellular-seryy-kosmos
Планшет Apple iPad (2020) 32Gb Wi-Fi + Cellular серебристый;"Планшет Apple iPad (2020) 32Gb Wi-Fi + Cellular серебристыйдиагональ 10.2"", 2160x1620, IPS, встроенная память 32 ГБ, без слота для карт памяти, iOS, процессор Apple A12 Bionic, основная камера 8 МП, фронтальная камера 1.2 МП, количество SIM-карт: 1, Wi-Fi,...";45110 сом-12%39600 сом;www.kivano.kg//product/view/planshet-apple-ipad-2020-32gb-wi-fi-cellular-serebristyy
Планшет Apple iPad (2020) 32Gb Wi-Fi + Cellular розовое золото;"Планшет Apple iPad (2020) 32Gb Wi-Fi + Cellular розовое золотодиагональ 10.2"", 2160x1620, IPS, встроенная память 32 ГБ, без слота для карт памяти, iOS, процессор Apple A12 Bionic, основная камера 8 МП, фронтальная камера 1.2 МП, количество SIM-карт: 1, Wi-Fi,...";45110 сом-12%39600 сом;www.kivano.kg//product/view/planshet-apple-ipad-2020-32gb-wi-fi-cellular-rozovoe-zoloto
Планшет Apple iPad Pro 11 (2020) 128Gb Wi-Fi серый космос;"Планшет Apple iPad Pro 11 (2020) 128Gb Wi-Fi серый космоспланшет 11"", 2388x1668, TFT IPS, встроенная память 128 ГБ, без слота для карт памяти, iOS, ОЗУ 6 ГБ, процессор Apple A12Z Bionic, Wi-Fi, Bluetooth, размеры 178.5x247.6x5.9 мм, вес 471 г,...";73610 сом-8%67590 сом;www.kivano.kg//product/view/planshet-apple-ipad-pro-11-2020-128gb-wi-fi-seryy-kosmos
Планшет Apple iPad Pro 11 (2020) 256Gb Wi-Fi + Cellular серебристый;"Планшет Apple iPad Pro 11 (2020) 256Gb Wi-Fi + Cellular серебристыйпланшет 11"", 2388x1668, TFT IPS, встроенная память 256 ГБ, без слота для карт памяти, iOS, ОЗУ 6 ГБ, процессор Apple A12Z Bionic, Wi-Fi, Bluetooth, 3G, 4G LTE, GPS, размеры 178.5x247.6x5.9...";103630 сом-3%100150 сом;www.kivano.kg//product/view/planshet-apple-ipad-pro-11-2020-256gb-wi-fi-cellular-serebristyy
Планшет Apple iPad Pro 12.9 (2020) 128Gb Wi-Fi + Cellular серый космос;"Планшет Apple iPad Pro 12.9 (2020) 128Gb Wi-Fi + Cellular серый космоспланшет 12.9"", 2732x2048, TFT IPS, встроенная память 128 ГБ, без слота для карт памяти, iOS, ОЗУ 6 ГБ, процессор Apple A12Z Bionic, Wi-Fi, Bluetooth, 3G, 4G LTE, GPS, размеры 214.9x280.6x5.9...";98450 сом-1%97530 сом;www.kivano.kg//product/view/planshet-apple-ipad-pro-12-9-2020-128gb-wi-fi-cellular-seryy-kosmos
Планшет Apple iPad Pro 12.9 (2020) 128Gb Wi-Fi + Cellular серебристый;"Планшет Apple iPad Pro 12.9 (2020) 128Gb Wi-Fi + Cellular серебристыйпланшет 12.9"", 2732x2048, TFT IPS, встроенная память 128 ГБ, без слота для карт памяти, iOS, ОЗУ 6 ГБ, процессор Apple A12Z Bionic, Wi-Fi, Bluetooth, 3G, 4G LTE, GPS, размеры 214.9x280.6x5.9...";98450 сом-1%97530 сом;www.kivano.kg//product/view/planshet-apple-ipad-pro-12-9-2020-128gb-wi-fi-cellular-serebristyy
Планшет Apple iPad mini (2019) 256Gb Wi-Fi + Cellular серый космос;"Планшет Apple iPad mini (2019) 256Gb Wi-Fi + Cellular серый космоспланшет 7.9"", 2048x1536, TFT IPS, встроенная память 256 ГБ, без слота для карт памяти, iOS, процессор Apple A12 Bionic, Wi-Fi, Bluetooth, 3G, 4G LTE, GPS, размеры 134.8x203.2x6.1 мм, вес 308...";53250 сом-1%52910 сом;www.kivano.kg//product/view/planshet-apple-ipad-mini-2019-256gb-wi-fi-cellular-seryy-kosmos
Планшет Apple iPad (2020) 32Gb Wi-Fi серебристый;"Планшет Apple iPad (2020) 32Gb Wi-Fi серебристыйдиагональ 10.2"", 2160x1620, IPS, встроенная память 32 ГБ, без слота для карт памяти, iOS, процессор Apple A12 Bionic, основная камера 8 МП, фронтальная камера 1.2 МП, Wi-Fi, Bluetooth 4.2, стереодинамики,...";31880 сом-3%31040 сом;www.kivano.kg//product/view/planshet-apple-ipad-2020-32gb-wi-fi-serebristyy
Планшет Apple iPad (2020) 128Gb Wi-Fi серебристый;"Планшет Apple iPad (2020) 128Gb Wi-Fi серебристыйдиагональ 10.2"", 2160x1620, IPS, встроенная память 128 ГБ, без слота для карт памяти, iOS, процессор Apple A12 Bionic, основная камера 8 МП, фронтальная камера 1.2 МП, Wi-Fi, Bluetooth 4.2, стереодинамики,...";40530 сом-2%39600 сом;www.kivano.kg//product/view/planshet-apple-ipad-2020-128gb-wi-fi-serebristyy
Планшет Apple iPad (2020) 128Gb Wi-Fi розовое золото;"Планшет Apple iPad (2020) 128Gb Wi-Fi розовое золотодиагональ 10.2"", 2160x1620, IPS, встроенная память 128 ГБ, без слота для карт памяти, iOS, процессор Apple A12 Bionic, основная камера 8 МП, фронтальная камера 1.2 МП, Wi-Fi, Bluetooth 4.2, стереодинамики,...";40530 сом-2%39600 сом;www.kivano.kg//product/view/planshet-apple-ipad-2020-128gb-wi-fi-rozovoe-zoloto
Планшет Samsung Galaxy Tab A 8.0 SM-T295 32Gb черный;"Планшет Samsung Galaxy Tab A 8.0 SM-T295 32Gb черныйпланшет 8"", 1280x800, встроенная память 32 ГБ, слот microSDXC, до 512 ГБ, Android 9.0, ОЗУ 2 ГБ, процессор 2000 МГц, Wi-Fi, Bluetooth, 3G, 4G LTE, GPS, размеры 124.4x210x8 мм, вес...";12470 сом;www.kivano.kg//product/view/planshet-samsung-galaxy-tab-a-8-0-sm-t295-32gb-chernyy
Планшет Samsung Galaxy Tab A 8.0 SM-T295 32Gb серебристый;"Планшет Samsung Galaxy Tab A 8.0 SM-T295 32Gb серебристыйпланшет 8"", 1280x800, встроенная память 32 ГБ, слот microSDXC, до 512 ГБ, Android 9.0, ОЗУ 2 ГБ, процессор 2000 МГц, Wi-Fi, Bluetooth, 3G, 4G LTE, GPS, размеры 124.4x210x8 мм, вес...";12470 сом;www.kivano.kg//product/view/planshet-samsung-galaxy-tab-a-8-0-sm-t295-32gb-serebristyy
Планшет Sanei N10;"Планшет Sanei N10Android 4, Экран 10.1"", Разрешение экрана 1280 x 800, Частота процессора 1.2 GHz, Оперативная память 1 GB, Объем накопителя 4 ГБ, Фотокамера 2 Мп, Wi-Fi, Bluetooth, 3G, Емкость 7000 мАч";11952 сом-28%8646 сом;www.kivano.kg//product/view/planshet-sanei-n10
"Планшет Pioneer M90 9.7""";"Планшет Pioneer M90 9.7""Тип: планшетный ПК
	Диагональ дисплея: 9,7""
	Разрешение: 1024х768
	Емкость ROM: 16 Gb
	Операционная система: Android 4.0.3
	Слот microSD: есть
	Слот microHDMI: есть
	Wi-Fi: есть";12412 сом-30%8742 сом;www.kivano.kg//product/view/planshet-pioneer-m90-9-7
Планшет HP x2 210 Z8350 4Gb 128Gb;"Планшет HP x2 210 Z8350 4Gb 128Gbпланшет c клавиатурой 10.1"", 1280x800
	встроенная память 128 Гб, слот microSDXC
	Windows 10, ОЗУ 4 Гб, процессор Intel Atom x5 Z8350 1440 МГц
	Wi-Fi, Bluetooth
	размеры 183x265x23.5 мм, вес 1200 г
	тыловая камера 5 Мпикс
	фронтальная...";26540 сом;www.kivano.kg//product/view/planshet-hp-x2-210-z8350-4gb-128gb
Планшет Apple iPad (2020) 128Gb Wi-Fi серый космос;"Планшет Apple iPad (2020) 128Gb Wi-Fi серый космосдиагональ 10.2"", 2160x1620, IPS, встроенная память 128 ГБ, без слота для карт памяти, iOS, процессор Apple A12 Bionic, основная камера 8 МП, фронтальная камера 1.2 МП, Wi-Fi, Bluetooth 4.2, стереодинамики,...";40530 сом-2%39600 сом;www.kivano.kg//product/view/planshet-apple-ipad-2020-128gb-wi-fi-seryy-kosmos
Планшет BQ Mobile BQ-7036L черный;"Планшет BQ Mobile BQ-7036L черныйпланшет 7"", 1024x600, TFT IPS, встроенная память 8 ГБ, слот microSDHC, до 32 ГБ, Android 8.1, ОЗУ 1 ГБ, процессор Spreadtrum SC9832 1400 МГц, Wi-Fi, Bluetooth, 3G, 4G LTE, GPS,...";9070 сом;www.kivano.kg//product/view/planshet-bq-mobile-bq-7036l-chernyy
Планшет Apple iPad Air (2020) 64Gb Wi-Fi голубой;"Планшет Apple iPad Air (2020) 64Gb Wi-Fi голубойдиагональ 10.9"", 2360x1640, IPS, встроенная память 64 ГБ, без слота для карт памяти, iOS, процессор Apple A14 Bionic, основная камера 12 МП, фронтальная камера 7 МП, Wi-Fi, Bluetooth 5.0, стереодинамики,...";53340 сом-4%51220 сом;www.kivano.kg//product/view/planshet-apple-ipad-air-2020-64gb-wi-fi-goluboy
Планшет Apple iPad (2020) 32Gb Wi-Fi розовое золото;"Планшет Apple iPad (2020) 32Gb Wi-Fi розовое золотодиагональ 10.2"", 2160x1620, IPS, встроенная память 32 ГБ, без слота для карт памяти, iOS, процессор Apple A12 Bionic, основная камера 8 МП, фронтальная камера 1.2 МП, Wi-Fi, Bluetooth 4.2, стереодинамики,...";31880 сом-3%31040 сом;www.kivano.kg//product/view/planshet-apple-ipad-2020-32gb-wi-fi-rozovoe-zoloto
Стилус Apple Pencil (2nd Generation);Стилус Apple Pencil (2nd Generation)Он создан специально для iPad Pro 11 дюймов и iPad Pro 12,9 дюйма (3‑го поколения). Особый дизайн с одной плоской гранью позволяет примагничивать Apple Pencil к iPad Pro для зарядки...;11870 сом-4%11450 сом;www.kivano.kg//product/view/stilus-apple-pencil-2nd-generation
Планшет Apple iPad Air (2020) 64Gb Wi-Fi серый;"Планшет Apple iPad Air (2020) 64Gb Wi-Fi серыйдиагональ 10.9"", 2360x1640, IPS, встроенная память 64 ГБ, без слота для карт памяти, iOS, процессор Apple A14 Bionic, основная камера 12 МП, фронтальная камера 7 МП, Wi-Fi, Bluetooth 5.0, стереодинамики,...";53340 сом-4%51220 сом;www.kivano.kg//product/view/planshet-apple-ipad-air-2020-64gb-wi-fi-seryy
Планшет Apple iPad Air (2020) 64Gb Wi-Fi зеленый;"Планшет Apple iPad Air (2020) 64Gb Wi-Fi зеленыйдиагональ 10.9"", 2360x1640, IPS, встроенная память 64 ГБ, без слота для карт памяти, iOS, процессор Apple A14 Bionic, основная камера 12 МП, фронтальная камера 7 МП, Wi-Fi, Bluetooth 5.0, стереодинамики,...";53340 сом-4%51220 сом;www.kivano.kg//product/view/planshet-apple-ipad-air-2020-64gb-wi-fi-zelenyy
Планшет Apple iPad Air (2020) 256Gb Wi-Fi серый;"Планшет Apple iPad Air (2020) 256Gb Wi-Fi серыйдиагональ 10.9"", 2360x1640, IPS, встроенная память 256 ГБ, без слота для карт памяти, iOS, процессор Apple A14 Bionic, основная камера 12 МП, фронтальная камера 7 МП, Wi-Fi, Bluetooth 5.0, стереодинамики,...";70140 сом-2%68430 сом;www.kivano.kg//product/view/planshet-apple-ipad-air-2020-256gb-wi-fi-seryy
Планшет Apple iPad Air (2020) 256Gb Wi-Fi голубой;"Планшет Apple iPad Air (2020) 256Gb Wi-Fi голубойдиагональ 10.9"", 2360x1640, IPS, встроенная память 256 ГБ, без слота для карт памяти, iOS, процессор Apple A14 Bionic, основная камера 12 МП, фронтальная камера 7 МП, Wi-Fi, Bluetooth 5.0, стереодинамики,...";70140 сом-2%68430 сом;www.kivano.kg//product/view/planshet-apple-ipad-air-2020-256gb-wi-fi-goluboy
Планшет Apple iPad Air (2020) 256Gb Wi-Fi серебристый;"Планшет Apple iPad Air (2020) 256Gb Wi-Fi серебристыйдиагональ 10.9"", 2360x1640, IPS, встроенная память 256 ГБ, без слота для карт памяти, iOS, процессор Apple A14 Bionic, основная камера 12 МП, фронтальная камера 7 МП, Wi-Fi, Bluetooth 5.0, стереодинамики,...";70140 сом-2%68430 сом;www.kivano.kg//product/view/planshet-apple-ipad-air-2020-256gb-wi-fi-serebristyy
Планшет Apple iPad Air (2020) 256Gb Wi-Fi зеленый;"Планшет Apple iPad Air (2020) 256Gb Wi-Fi зеленыйдиагональ 10.9"", 2360x1640, IPS, встроенная память 256 ГБ, без слота для карт памяти, iOS, процессор Apple A14 Bionic, основная камера 12 МП, фронтальная камера 7 МП, Wi-Fi, Bluetooth 5.0, стереодинамики,...";69280 сом-1%68430 сом;www.kivano.kg//product/view/planshet-apple-ipad-air-2020-256gb-wi-fi-zelenyy
Планшет Huawei MatePad T 8.0 32Gb LTE синий;"Планшет Huawei MatePad T 8.0 32Gb LTE синийдиагональ 8"", 1280x800, IPS, встроенная память 32 ГБ, слот microSDXC, Android 10, ОЗУ 2 ГБ, процессор MediaTek MT8768, основная камера 5 МП, фронтальная камера 2 МП, количество SIM-карт: 1, Wi-Fi,...";15940 сом-4%15350 сом;www.kivano.kg//product/view/planshet-huawei-matepad-t-8-0-32gb-lte-siniy
Планшет Apple iPad Air (2020) 256Gb Wi-Fi розовое золото;"Планшет Apple iPad Air (2020) 256Gb Wi-Fi розовое золотодиагональ 10.9"", 2360x1640, IPS, встроенная память 256 ГБ, без слота для карт памяти, iOS, процессор Apple A14 Bionic, основная камера 12 МП, фронтальная камера 7 МП, Wi-Fi, Bluetooth 5.0, стереодинамики,...";69280 сом-1%68430 сом;www.kivano.kg//product/view/planshet-apple-ipad-air-2020-256gb-wi-fi-rozovoe-zoloto
Планшет Cube H660;"Планшет Cube H660планшет, Android 7.0, Экран IPS 10.1"", 1280x800, Поддержка двух SIM-карт, Процессор: MediaTek MT6580, Память 16 Гб, Оперативная память: 1 Гб, Камера 2 Мп, 3G, Wi-Fi, Bluetooth, Емкость аккумулятора: 6000 мАч";8660 сом;www.kivano.kg//product/view/planshet-cube-h660
Планшет Apple iPad Air (2020) 64Gb Wi-Fi серебристый;"Планшет Apple iPad Air (2020) 64Gb Wi-Fi серебристыйдиагональ 10.9"", 2360x1640, IPS, встроенная память 64 ГБ, без слота для карт памяти, iOS, процессор Apple A14 Bionic, основная камера 12 МП, фронтальная камера 7 МП, Wi-Fi, Bluetooth 5.0, стереодинамики,...";53340 сом-4%51220 сом;www.kivano.kg//product/view/planshet-apple-ipad-air-2020-64gb-wi-fi-serebristyy
Планшет Apple iPad Air (2020) 64Gb Wi-Fi розовое золото;"Планшет Apple iPad Air (2020) 64Gb Wi-Fi розовое золотодиагональ 10.9"", 2360x1640, IPS, встроенная память 64 ГБ, без слота для карт памяти, iOS, процессор Apple A14 Bionic, основная камера 12 МП, фронтальная камера 7 МП, Wi-Fi, Bluetooth 5.0, стереодинамики,...";53340 сом-4%51220 сом;www.kivano.kg//product/view/planshet-apple-ipad-air-2020-64gb-wi-fi-rozovoe-zoloto
Планшет Apple iPad Air (2020) 64Gb Wi-Fi + Cellular серый;"Планшет Apple iPad Air (2020) 64Gb Wi-Fi + Cellular серыйдиагональ 10.9"", 2360x1640, IPS, встроенная память 64 ГБ, без слота для карт памяти, iOS, процессор Apple A14 Bionic, основная камера 12 МП, фронтальная камера 7 МП, количество SIM-карт: 1, Wi-Fi,...";62410 сом-1%61560 сом;www.kivano.kg//product/view/planshet-apple-ipad-air-2020-64gb-wi-fi-cellular-seryy
Планшет Apple iPad Air (2020) 64Gb Wi-Fi + Cellular серебристый;"Планшет Apple iPad Air (2020) 64Gb Wi-Fi + Cellular серебристыйдиагональ 10.9"", 2360x1640, IPS, встроенная память 64 ГБ, без слота для карт памяти, iOS, процессор Apple A14 Bionic, основная камера 12 МП, фронтальная камера 7 МП, количество SIM-карт: 1, Wi-Fi,...";62410 сом-1%61560 сом;www.kivano.kg//product/view/planshet-apple-ipad-air-2020-64gb-wi-fi-cellular-serebristyy
Планшет Apple iPad Air (2020) 64Gb Wi-Fi + Cellular розовое золото;"Планшет Apple iPad Air (2020) 64Gb Wi-Fi + Cellular розовое золотодиагональ 10.9"", 2360x1640, IPS, встроенная память 64 ГБ, без слота для карт памяти, iOS, процессор Apple A14 Bionic, основная камера 12 МП, фронтальная камера 7 МП, количество SIM-карт: 1, Wi-Fi,...";62410 сом-1%61560 сом;www.kivano.kg//product/view/planshet-apple-ipad-air-2020-64gb-wi-fi-cellular-rozovoe-zoloto
Планшет Apple iPad Air (2020) 64Gb Wi-Fi + Cellular зеленый;"Планшет Apple iPad Air (2020) 64Gb Wi-Fi + Cellular зеленыйдиагональ 10.9"", 2360x1640, IPS, встроенная память 64 ГБ, без слота для карт памяти, iOS, процессор Apple A14 Bionic, основная камера 12 МП, фронтальная камера 7 МП, количество SIM-карт: 1, Wi-Fi,...";62410 сом-1%61560 сом;www.kivano.kg//product/view/planshet-apple-ipad-air-2020-64gb-wi-fi-cellular-zelenyy
Планшет Apple iPad Air (2020) 64Gb Wi-Fi + Cellular голубой;"Планшет Apple iPad Air (2020) 64Gb Wi-Fi + Cellular голубойдиагональ 10.9"", 2360x1640, IPS, встроенная память 64 ГБ, без слота для карт памяти, iOS, процессор Apple A14 Bionic, основная камера 12 МП, фронтальная камера 7 МП, количество SIM-карт: 1, Wi-Fi,...";62410 сом-1%61560 сом;www.kivano.kg//product/view/planshet-apple-ipad-air-2020-64gb-wi-fi-cellular-goluboy
Планшет Apple iPad Air (2020) 256Gb Wi-Fi + Cellular серый;"Планшет Apple iPad Air (2020) 256Gb Wi-Fi + Cellular серыйдиагональ 10.9"", 2360x1640, IPS, встроенная память 256 ГБ, без слота для карт памяти, iOS, процессор Apple A14 Bionic, основная камера 12 МП, фронтальная камера 7 МП, количество SIM-карт: 1, Wi-Fi,...";91070 сом;www.kivano.kg//product/view/planshet-apple-ipad-air-2020-256gb-wi-fi-cellular-seryy
Планшет Apple iPad Air (2020) 256Gb Wi-Fi + Cellular розовое золото;"Планшет Apple iPad Air (2020) 256Gb Wi-Fi + Cellular розовое золотодиагональ 10.9"", 2360x1640, IPS, встроенная память 256 ГБ, без слота для карт памяти, iOS, процессор Apple A14 Bionic, основная камера 12 МП, фронтальная камера 7 МП, количество SIM-карт: 1, Wi-Fi,...";91070 сом;www.kivano.kg//product/view/planshet-apple-ipad-air-2020-256gb-wi-fi-cellular-rozovoe-zoloto
Планшет Apple iPad Air (2020) 256Gb Wi-Fi + Cellular голубой;"Планшет Apple iPad Air (2020) 256Gb Wi-Fi + Cellular голубойдиагональ 10.9"", 2360x1640, IPS, встроенная память 256 ГБ, без слота для карт памяти, iOS, процессор Apple A14 Bionic, основная камера 12 МП, фронтальная камера 7 МП, количество SIM-карт: 1, Wi-Fi,...";91070 сом;www.kivano.kg//product/view/planshet-apple-ipad-air-2020-256gb-wi-fi-cellular-goluboy
Планшет Apple iPad Air (2020) 256Gb Wi-Fi + Cellular зеленый;"Планшет Apple iPad Air (2020) 256Gb Wi-Fi + Cellular зеленыйдиагональ 10.9"", 2360x1640, IPS, встроенная память 256 ГБ, без слота для карт памяти, iOS, процессор Apple A14 Bionic, основная камера 12 МП, фронтальная камера 7 МП, количество SIM-карт: 1, Wi-Fi,...";91070 сом;www.kivano.kg//product/view/planshet-apple-ipad-air-2020-256gb-wi-fi-cellular-zelenyy
Планшет Apple iPad (2020) 32Gb Wi-Fi серый космос;"Планшет Apple iPad (2020) 32Gb Wi-Fi серый космосдиагональ 10.2"", 2160x1620, IPS, встроенная память 32 ГБ, без слота для карт памяти, iOS, процессор Apple A12 Bionic, основная камера 8 МП, фронтальная камера 1.2 МП, Wi-Fi, Bluetooth 4.2, стереодинамики,...";31880 сом-3%31040 сом;www.kivano.kg//product/view/planshet-apple-ipad-2020-32gb-wi-fi-seryy-kosmos
Стилус Apple Pencil;Стилус Apple PencilApple Pencil — инструмент, благодаря которому работа c Multi-Touch приобретает удивительные возможности и разнообразие. Два датчика, встроенные в кончик, вычисляют точное направление и угол наклона вашей руки. Apple Pencil, — словно...;9670 сом-4%9240 сом;www.kivano.kg//product/view/stilus-apple-pencil
Планшет Apple iPad Air (2019) 64Gb Wi-Fi + Cellular серебристый;"Планшет Apple iPad Air (2019) 64Gb Wi-Fi + Cellular серебристыйпланшет 10.5"", 2224x1668, TFT IPS, встроенная память 64 ГБ, без слота для карт памяти, iOS, процессор Apple A12 Bionic 2490 МГц, Wi-Fi, Bluetooth, 3G, 4G LTE, GPS, размеры 174.1x250.6x6.1 мм,...";47740 сом-2%46890 сом;www.kivano.kg//product/view/planshet-apple-ipad-air-2019-64gb-wi-fi-cellular-serebristyy
Планшет Apple iPad Air (2019) 64Gb Wi-Fi + Cellular розовое золото;"Планшет Apple iPad Air (2019) 64Gb Wi-Fi + Cellular розовое золотопланшет 10.5"", 2224x1668, TFT IPS, встроенная память 64 ГБ, без слота для карт памяти, iOS, процессор Apple A12 Bionic 2490 МГц, Wi-Fi, Bluetooth, 3G, 4G LTE, GPS, размеры 174.1x250.6x6.1 мм,...";47740 сом;www.kivano.kg//product/view/planshet-apple-ipad-air-2019-64gb-wi-fi-cellular-rozovoe-zoloto
Планшет Apple iPad Air (2019) 64Gb Wi-Fi + Cellular серый космос;"Планшет Apple iPad Air (2019) 64Gb Wi-Fi + Cellular серый космоспланшет 10.5"", 2224x1668, TFT IPS, встроенная память 64 ГБ, без слота для карт памяти, iOS, процессор Apple A12 Bionic 2490 МГц, Wi-Fi, Bluetooth, 3G, 4G LTE, GPS, размеры 174.1x250.6x6.1 мм,...";47740 сом-2%46890 сом;www.kivano.kg//product/view/planshet-apple-ipad-air-2019-64gb-wi-fi-cellular-seryy-kosmos
